{"UUID":"uXmg6g1un2yggFYlGtneB7","layoutMainAxisSizing":null,"layoutCrossAxisSizing":null,"name":"Shop App","isVisible":true,"boundaryRectangle":null,"style":null,"prototypeNodeUUID":null,"child":null,"constraints":null,"debug":false,"pngPath":"/usr/src/app/temp-out/pb-tmp-4e849e1f-9500-40d8-9a9d-654786ef6b9b/veganfood/lib/assets/images","pages":[{"UUID":"45:2","layoutMainAxisSizing":null,"layoutCrossAxisSizing":null,"name":"app","isVisible":true,"boundaryRectangle":null,"style":null,"prototypeNodeUUID":null,"child":null,"constraints":null,"convert":true,"screens":[],"pbdlType":"page"}],"miscPages":[],"sharedStyles":[],"globalStyles":{"UUID":"","layoutMainAxisSizing":null,"layoutCrossAxisSizing":null,"name":"","isVisible":false,"boundaryRectangle":null,"style":null,"prototypeNodeUUID":null,"child":null,"constraints":null,"pbdlType":"global_styles","designSystem":"material","colors":[{"UUID":"78:100","layoutMainAxisSizing":null,"layoutCrossAxisSizing":null,"name":"Primary","isVisible":false,"boundaryRectangle":null,"style":null,"prototypeNodeUUID":null,"child":null,"constraints":null,"description":"","pbdlType":"global_color","color":{"a":1.0,"r":0.40784314274787903,"g":0.7098039388656616,"b":0.062745101749897}},{"UUID":"78:101","layoutMainAxisSizing":null,"layoutCrossAxisSizing":null,"name":"Black","isVisible":false,"boundaryRectangle":null,"style":null,"prototypeNodeUUID":null,"child":null,"constraints":null,"description":"","pbdlType":"global_color","color":{"a":1.0,"r":0.01568627543747425,"g":0.01568627543747425,"b":0.08235294371843338}},{"UUID":"78:102","layoutMainAxisSizing":null,"layoutCrossAxisSizing":null,"name":"White","isVisible":false,"boundaryRectangle":null,"style":null,"prototypeNodeUUID":null,"child":null,"constraints":null,"description":"","pbdlType":"global_color","color":{"a":1.0,"r":0.9764705896377563,"g":0.9803921580314636,"b":0.9843137264251709}},{"UUID":"78:103","layoutMainAxisSizing":null,"layoutCrossAxisSizing":null,"name":"Secondary","isVisible":false,"boundaryRectangle":null,"style":null,"prototypeNodeUUID":null,"child":null,"constraints":null,"description":"","pbdlType":"global_color","color":{"a":1.0,"r":0.239215686917305,"g":0.09803921729326248,"b":0.03921568766236305}},{"UUID":"221:123","layoutMainAxisSizing":null,"layoutCrossAxisSizing":null,"name":"FFFFFF","isVisible":false,"boundaryRectangle":null,"style":null,"prototypeNodeUUID":null,"child":null,"constraints":null,"description":"","pbdlType":"global_color","color":{"a":1.0,"r":0.9764705896377563,"g":0.9803921580314636,"b":0.9843137264251709}},{"UUID":"480:241","layoutMainAxisSizing":null,"layoutCrossAxisSizing":null,"name":"red","isVisible":false,"boundaryRectangle":null,"style":null,"prototypeNodeUUID":null,"child":null,"constraints":null,"description":"","pbdlType":"global_color","color":{"a":1.0,"r":0.9666666984558105,"g":0.6726388931274414,"b":0.6726388931274414}},{"UUID":"45:28","layoutMainAxisSizing":null,"layoutCrossAxisSizing":null,"name":"Carbon Neutral/300","isVisible":false,"boundaryRectangle":null,"style":null,"prototypeNodeUUID":null,"child":null,"constraints":null,"description":"","pbdlType":"global_color","color":{"a":1.0,"r":0.8392156958580017,"g":0.8509804010391235,"b":0.8666666746139526}},{"UUID":"45:27","layoutMainAxisSizing":null,"layoutCrossAxisSizing":null,"name":"Carbon / Darkest","isVisible":false,"boundaryRectangle":null,"style":null,"prototypeNodeUUID":null,"child":null,"constraints":null,"description":"","pbdlType":"global_color","color":{"a":1.0,"r":0.1411764770746231,"g":0.14901961386203766,"b":0.16862745583057404}},{"UUID":"45:31","layoutMainAxisSizing":null,"layoutCrossAxisSizing":null,"name":"Label Color/Light/Primary","isVisible":false,"boundaryRectangle":null,"style":null,"prototypeNodeUUID":null,"child":null,"constraints":null,"description":"","pbdlType":"global_color","color":{"a":1.0,"r":0.0,"g":0.0,"b":0.0}},{"UUID":"810:827","layoutMainAxisSizing":null,"layoutCrossAxisSizing":null,"name":"Sea Foam","isVisible":false,"boundaryRectangle":null,"style":null,"prototypeNodeUUID":null,"child":null,"constraints":null,"description":"","pbdlType":"global_color","color":{"a":1.0,"r":0.929411768913269,"g":0.9411764740943909,"b":0.9372549057006836}},{"UUID":"810:829","layoutMainAxisSizing":null,"layoutCrossAxisSizing":null,"name":"Deep Lagoon Blue","isVisible":false,"boundaryRectangle":null,"style":null,"prototypeNodeUUID":null,"child":null,"constraints":null,"description":"","pbdlType":"global_color","color":{"a":1.0,"r":0.0,"g":0.23137255012989044,"b":0.250980406999588}},{"UUID":"752:433","layoutMainAxisSizing":null,"layoutCrossAxisSizing":null,"name":"Labels Colors/Primary","isVisible":false,"boundaryRectangle":null,"style":null,"prototypeNodeUUID":null,"child":null,"constraints":null,"description":"","pbdlType":"global_color","color":{"a":1.0,"r":0.13333334028720856,"g":0.16078431904315948,"b":0.18039216101169586}},{"UUID":"752:435","layoutMainAxisSizing":null,"layoutCrossAxisSizing":null,"name":"Labels Colors/Secondary","isVisible":false,"boundaryRectangle":null,"style":null,"prototypeNodeUUID":null,"child":null,"constraints":null,"description":"","pbdlType":"global_color","color":{"a":1.0,"r":0.5411764979362488,"g":0.5411764979362488,"b":0.5568627715110779}},{"UUID":"752:438","layoutMainAxisSizing":null,"layoutCrossAxisSizing":null,"name":"Base Color/White","isVisible":false,"boundaryRectangle":null,"style":null,"prototypeNodeUUID":null,"child":null,"constraints":null,"description":"","pbdlType":"global_color","color":{"a":1.0,"r":1.0,"g":1.0,"b":1.0}},{"UUID":"752:431","layoutMainAxisSizing":null,"layoutCrossAxisSizing":null,"name":"System Background/Primary","isVisible":false,"boundaryRectangle":null,"style":null,"prototypeNodeUUID":null,"child":null,"constraints":null,"description":"","pbdlType":"global_color","color":{"a":1.0,"r":1.0,"g":1.0,"b":1.0}},{"UUID":"752:645","layoutMainAxisSizing":null,"layoutCrossAxisSizing":null,"name":"Secondary/Light Green","isVisible":false,"boundaryRectangle":null,"style":null,"prototypeNodeUUID":null,"child":null,"constraints":null,"description":"","pbdlType":"global_color","color":{"a":1.0,"r":0.8941176533699036,"g":0.9529411792755127,"b":0.9176470637321472}},{"UUID":"752:441","layoutMainAxisSizing":null,"layoutCrossAxisSizing":null,"name":"Primary/Green","isVisible":false,"boundaryRectangle":null,"style":null,"prototypeNodeUUID":null,"child":null,"constraints":null,"description":"","pbdlType":"global_color","color":{"a":1.0,"r":0.3294117748737335,"g":0.6941176652908325,"b":0.4588235318660736}},{"UUID":"504:248","layoutMainAxisSizing":null,"layoutCrossAxisSizing":null,"name":"White / 100","isVisible":false,"boundaryRectangle":null,"style":null,"prototypeNodeUUID":null,"child":null,"constraints":null,"description":"","pbdlType":"global_color","color":{"a":1.0,"r":1.0,"g":1.0,"b":1.0}},{"UUID":"863:931","layoutMainAxisSizing":null,"layoutCrossAxisSizing":null,"name":"Switch - green","isVisible":false,"boundaryRectangle":null,"style":null,"prototypeNodeUUID":null,"child":null,"constraints":null,"description":"","pbdlType":"global_color","color":{"a":1.0,"r":0.46454524993896484,"g":0.9336174130439758,"b":0.34727728366851807}},{"UUID":"752:894","layoutMainAxisSizing":null,"layoutCrossAxisSizing":null,"name":"System Background/Secondary","isVisible":false,"boundaryRectangle":null,"style":null,"prototypeNodeUUID":null,"child":null,"constraints":null,"description":"","pbdlType":"global_color","color":{"a":1.0,"r":0.9843137264251709,"g":0.9843137264251709,"b":0.9843137264251709}},{"UUID":"752:724","layoutMainAxisSizing":null,"layoutCrossAxisSizing":null,"name":"Basecolor/ White","isVisible":false,"boundaryRectangle":null,"style":null,"prototypeNodeUUID":null,"child":null,"constraints":null,"description":"","pbdlType":"global_color","color":{"a":1.0,"r":1.0,"g":1.0,"b":1.0}},{"UUID":"752:723","layoutMainAxisSizing":null,"layoutCrossAxisSizing":null,"name":"Systembackground/ Primary","isVisible":false,"boundaryRectangle":null,"style":null,"prototypeNodeUUID":null,"child":null,"constraints":null,"description":"","pbdlType":"global_color","color":{"a":1.0,"r":1.0,"g":1.0,"b":1.0}},{"UUID":"752:806","layoutMainAxisSizing":null,"layoutCrossAxisSizing":null,"name":"Labelscolors/ Primary","isVisible":false,"boundaryRectangle":null,"style":null,"prototypeNodeUUID":null,"child":null,"constraints":null,"description":"","pbdlType":"global_color","color":{"a":1.0,"r":0.0,"g":0.0,"b":0.0}},{"UUID":"752:795","layoutMainAxisSizing":null,"layoutCrossAxisSizing":null,"name":"Basecolor/ Black","isVisible":false,"boundaryRectangle":null,"style":null,"prototypeNodeUUID":null,"child":null,"constraints":null,"description":"","pbdlType":"global_color","color":{"a":1.0,"r":0.0,"g":0.0,"b":0.0}},{"UUID":"752:432","layoutMainAxisSizing":null,"layoutCrossAxisSizing":null,"name":"System Grey/Grey 5","isVisible":false,"boundaryRectangle":null,"style":null,"prototypeNodeUUID":null,"child":null,"constraints":null,"description":"","pbdlType":"global_color","color":{"a":1.0,"r":0.8980392217636108,"g":0.8980392217636108,"b":0.9176470637321472}},{"UUID":"752:554","layoutMainAxisSizing":null,"layoutCrossAxisSizing":null,"name":"Text/White","isVisible":false,"boundaryRectangle":null,"style":null,"prototypeNodeUUID":null,"child":null,"constraints":null,"description":"","pbdlType":"global_color","color":{"a":1.0,"r":1.0,"g":1.0,"b":1.0}},{"UUID":"810:952","layoutMainAxisSizing":null,"layoutCrossAxisSizing":null,"name":"Black/Normal","isVisible":false,"boundaryRectangle":null,"style":null,"prototypeNodeUUID":null,"child":null,"constraints":null,"description":"","pbdlType":"global_color","color":{"a":1.0,"r":0.21568627655506134,"g":0.27843138575553894,"b":0.30980393290519714}},{"UUID":"810:1029","layoutMainAxisSizing":null,"layoutCrossAxisSizing":null,"name":"Label / Light / Primary","isVisible":false,"boundaryRectangle":null,"style":null,"prototypeNodeUUID":null,"child":null,"constraints":null,"description":"000000","pbdlType":"global_color","color":{"a":1.0,"r":0.0,"g":0.0,"b":0.0}},{"UUID":"810:991","layoutMainAxisSizing":null,"layoutCrossAxisSizing":null,"name":"Tango/Normal","isVisible":false,"boundaryRectangle":null,"style":null,"prototypeNodeUUID":null,"child":null,"constraints":null,"description":"","pbdlType":"global_color","color":{"a":1.0,"r":0.9529411792755127,"g":0.47843137383461,"b":0.125490203499794}},{"UUID":"810:1005","layoutMainAxisSizing":null,"layoutCrossAxisSizing":null,"name":"Ocean Green/Normal","isVisible":false,"boundaryRectangle":null,"style":null,"prototypeNodeUUID":null,"child":null,"constraints":null,"description":"","pbdlType":"global_color","color":{"a":1.0,"r":0.21176470816135406,"g":0.7019608020782471,"b":0.4941176474094391}},{"UUID":"810:1033","layoutMainAxisSizing":null,"layoutCrossAxisSizing":null,"name":"Persimmon/Normal","isVisible":false,"boundaryRectangle":null,"style":null,"prototypeNodeUUID":null,"child":null,"constraints":null,"description":"","pbdlType":"global_color","color":{"a":1.0,"r":1.0,"g":0.3333333432674408,"b":0.32156863808631897}},{"UUID":"810:1020","layoutMainAxisSizing":null,"layoutCrossAxisSizing":null,"name":"Dailyplus green","isVisible":false,"boundaryRectangle":null,"style":null,"prototypeNodeUUID":null,"child":null,"constraints":null,"description":"","pbdlType":"global_color","color":{"a":1.0,"r":0.3686274588108063,"g":0.7686274647712708,"b":0.003921568859368563}},{"UUID":"810:1018","layoutMainAxisSizing":null,"layoutCrossAxisSizing":null,"name":"Grey / grey-4","isVisible":false,"boundaryRectangle":null,"style":null,"prototypeNodeUUID":null,"child":null,"constraints":null,"description":"Dividers","pbdlType":"global_color","color":{"a":1.0,"r":0.9098039269447327,"g":0.9098039269447327,"b":0.9098039269447327}},{"UUID":"810:1019","layoutMainAxisSizing":null,"layoutCrossAxisSizing":null,"name":"Sunrise Yellow / yellow-6","isVisible":false,"boundaryRectangle":null,"style":null,"prototypeNodeUUID":null,"child":null,"constraints":null,"description":"","pbdlType":"global_color","color":{"a":1.0,"r":0.9803921580314636,"g":0.8588235378265381,"b":0.0784313753247261}},{"UUID":"477:388","layoutMainAxisSizing":null,"layoutCrossAxisSizing":null,"name":"grayscale / divider","isVisible":false,"boundaryRectangle":null,"style":null,"prototypeNodeUUID":null,"child":null,"constraints":null,"description":"","pbdlType":"global_color","color":{"a":1.0,"r":0.8745098114013672,"g":0.8784313797950745,"b":0.9215686321258545}}],"textStyles":[{"UUID":"752:436","layoutMainAxisSizing":null,"layoutCrossAxisSizing":null,"name":"Footnote/Regular","isVisible":false,"boundaryRectangle":null,"style":null,"prototypeNodeUUID":null,"child":null,"constraints":null,"description":"","pbdlType":"global_text_style","textStyle":{"UUID":"","layoutMainAxisSizing":null,"layoutCrossAxisSizing":null,"name":"","isVisible":false,"boundaryRectangle":null,"style":null,"prototypeNodeUUID":"","child":null,"constraints":null,"fontFamily":"Nunito","fontPostScriptName":"Nunito-Regular","paragraphSpacing":0,"paragraphIndent":0,"listSpacing":0,"italics":null,"fontWeight":400,"fontSize":12.0,"textCase":"ORIGINAL","textDecoration":"NONE","textAutoResize":"WIDTH_AND_HEIGHT","textAlignHorizontal":"LEFT","textAlignVertical":"TOP","letterSpacing":-0.00959999978542328,"fills":null,"hyperLink":null,"opentypeFlags":{},"lineHeightPx":18.0,"lineHeightPercent":125.69558715820312,"lineHeightPercentFontSize":150.0,"lineHeightUnit":"PIXELS","pbdlType":"text_style"}},{"UUID":"752:437","layoutMainAxisSizing":null,"layoutCrossAxisSizing":null,"name":"Tittle/Small Bold","isVisible":false,"boundaryRectangle":null,"style":null,"prototypeNodeUUID":null,"child":null,"constraints":null,"description":"","pbdlType":"global_text_style","textStyle":{"UUID":"","layoutMainAxisSizing":null,"layoutCrossAxisSizing":null,"name":"","isVisible":false,"boundaryRectangle":null,"style":null,"prototypeNodeUUID":"","child":null,"constraints":null,"fontFamily":"Nunito","fontPostScriptName":"Nunito-Bold","paragraphSpacing":0,"paragraphIndent":0,"listSpacing":0,"italics":null,"fontWeight":700,"fontSize":20.0,"textCase":"ORIGINAL","textDecoration":"NONE","textAutoResize":"WIDTH_AND_HEIGHT","textAlignHorizontal":"LEFT","textAlignVertical":"TOP","letterSpacing":0.07599999904632568,"fills":null,"hyperLink":null,"opentypeFlags":{},"lineHeightPx":25.0,"lineHeightPercent":99.60159301757812,"lineHeightPercentFontSize":125.0,"lineHeightUnit":"PIXELS","pbdlType":"text_style"}},{"UUID":"752:555","layoutMainAxisSizing":null,"layoutCrossAxisSizing":null,"name":"Subhead/Regular","isVisible":false,"boundaryRectangle":null,"style":null,"prototypeNodeUUID":null,"child":null,"constraints":null,"description":"","pbdlType":"global_text_style","textStyle":{"UUID":"","layoutMainAxisSizing":null,"layoutCrossAxisSizing":null,"name":"","isVisible":false,"boundaryRectangle":null,"style":null,"prototypeNodeUUID":"","child":null,"constraints":null,"fontFamily":"Nunito","fontPostScriptName":"Nunito-Regular","paragraphSpacing":0,"paragraphIndent":0,"listSpacing":0,"italics":null,"fontWeight":400,"fontSize":14.0,"textCase":"ORIGINAL","textDecoration":"NONE","textAutoResize":"WIDTH_AND_HEIGHT","textAlignHorizontal":"LEFT","textAlignVertical":"TOP","letterSpacing":0.028000000417232516,"fills":null,"hyperLink":null,"opentypeFlags":{},"lineHeightPx":20.0,"lineHeightPercent":113.83039855957031,"lineHeightPercentFontSize":142.85714721679688,"lineHeightUnit":"PIXELS","pbdlType":"text_style"}},{"UUID":"752:434","layoutMainAxisSizing":null,"layoutCrossAxisSizing":null,"name":"Callout/Bold","isVisible":false,"boundaryRectangle":null,"style":null,"prototypeNodeUUID":null,"child":null,"constraints":null,"description":"","pbdlType":"global_text_style","textStyle":{"UUID":"","layoutMainAxisSizing":null,"layoutCrossAxisSizing":null,"name":"","isVisible":false,"boundaryRectangle":null,"style":null,"prototypeNodeUUID":"","child":null,"constraints":null,"fontFamily":"Nunito","fontPostScriptName":"Nunito-Bold","paragraphSpacing":0,"paragraphIndent":0,"listSpacing":0,"italics":null,"fontWeight":700,"fontSize":16.0,"textCase":"ORIGINAL","textDecoration":"NONE","textAutoResize":"WIDTH_AND_HEIGHT","textAlignHorizontal":"LEFT","textAlignVertical":"TOP","letterSpacing":0.048000001907348634,"fills":null,"hyperLink":null,"opentypeFlags":{},"lineHeightPx":21.0,"lineHeightPercent":104.58168029785156,"lineHeightPercentFontSize":131.25,"lineHeightUnit":"PIXELS","pbdlType":"text_style"}},{"UUID":"810:1028","layoutMainAxisSizing":null,"layoutCrossAxisSizing":null,"name":"Mobile / Caption 1 / SemiBold 12","isVisible":false,"boundaryRectangle":null,"style":null,"prototypeNodeUUID":null,"child":null,"constraints":null,"description":"","pbdlType":"global_text_style","textStyle":{"UUID":"","layoutMainAxisSizing":null,"layoutCrossAxisSizing":null,"name":"","isVisible":false,"boundaryRectangle":null,"style":null,"prototypeNodeUUID":"","child":null,"constraints":null,"fontFamily":"Poppins","fontPostScriptName":"Poppins-SemiBold","paragraphSpacing":0,"paragraphIndent":0,"listSpacing":0,"italics":null,"fontWeight":600,"fontSize":12.0,"textCase":"ORIGINAL","textDecoration":"NONE","textAutoResize":"WIDTH_AND_HEIGHT","textAlignHorizontal":"LEFT","textAlignVertical":"TOP","letterSpacing":0.0,"fills":null,"hyperLink":null,"opentypeFlags":{},"lineHeightPx":14.0625,"lineHeightPercent":100.0,"lineHeightPercentFontSize":null,"lineHeightUnit":"INTRINSIC_%","pbdlType":"text_style"}},{"UUID":"810:1030","layoutMainAxisSizing":null,"layoutCrossAxisSizing":null,"name":"SF / Subheadline - Semibold","isVisible":false,"boundaryRectangle":null,"style":null,"prototypeNodeUUID":null,"child":null,"constraints":null,"description":"","pbdlType":"global_text_style","textStyle":{"UUID":"","layoutMainAxisSizing":null,"layoutCrossAxisSizing":null,"name":"","isVisible":false,"boundaryRectangle":null,"style":null,"prototypeNodeUUID":"","child":null,"constraints":null,"fontFamily":"SF Pro Text","fontPostScriptName":"SFProText-Semibold","paragraphSpacing":0,"paragraphIndent":0,"listSpacing":0,"italics":null,"fontWeight":600,"fontSize":15.0,"textCase":"ORIGINAL","textDecoration":"NONE","textAutoResize":"WIDTH_AND_HEIGHT","textAlignHorizontal":"LEFT","textAlignVertical":"TOP","letterSpacing":-0.23999999463558197,"fills":null,"hyperLink":null,"opentypeFlags":{},"lineHeightPx":20.0,"lineHeightPercent":111.72940826416016,"lineHeightPercentFontSize":133.3333282470703,"lineHeightUnit":"PIXELS","pbdlType":"text_style"}},{"UUID":"810:1031","layoutMainAxisSizing":null,"layoutCrossAxisSizing":null,"name":"H500/Meduim","isVisible":false,"boundaryRectangle":null,"style":null,"prototypeNodeUUID":null,"child":null,"constraints":null,"description":"","pbdlType":"global_text_style","textStyle":{"UUID":"","layoutMainAxisSizing":null,"layoutCrossAxisSizing":null,"name":"","isVisible":false,"boundaryRectangle":null,"style":null,"prototypeNodeUUID":"","child":null,"constraints":null,"fontFamily":"Poppins","fontPostScriptName":"Poppins-Medium","paragraphSpacing":0,"paragraphIndent":0,"listSpacing":0,"italics":null,"fontWeight":500,"fontSize":16.0,"textCase":"ORIGINAL","textDecoration":"NONE","textAutoResize":"WIDTH_AND_HEIGHT","textAlignHorizontal":"LEFT","textAlignVertical":"TOP","letterSpacing":0.6000000238418579,"fills":null,"hyperLink":null,"opentypeFlags":{},"lineHeightPx":18.75,"lineHeightPercent":100.0,"lineHeightPercentFontSize":null,"lineHeightUnit":"INTRINSIC_%","pbdlType":"text_style"}},{"UUID":"810:1032","layoutMainAxisSizing":null,"layoutCrossAxisSizing":null,"name":"Body 1/Regular","isVisible":false,"boundaryRectangle":null,"style":null,"prototypeNodeUUID":null,"child":null,"constraints":null,"description":"","pbdlType":"global_text_style","textStyle":{"UUID":"","layoutMainAxisSizing":null,"layoutCrossAxisSizing":null,"name":"","isVisible":false,"boundaryRectangle":null,"style":null,"prototypeNodeUUID":"","child":null,"constraints":null,"fontFamily":"Poppins","fontPostScriptName":"Poppins-Regular","paragraphSpacing":0,"paragraphIndent":0,"listSpacing":0,"italics":null,"fontWeight":400,"fontSize":14.0,"textCase":"ORIGINAL","textDecoration":"NONE","textAutoResize":"WIDTH_AND_HEIGHT","textAlignHorizontal":"LEFT","textAlignVertical":"TOP","letterSpacing":0.0,"fills":null,"hyperLink":null,"opentypeFlags":{},"lineHeightPx":16.40625,"lineHeightPercent":100.0,"lineHeightPercentFontSize":null,"lineHeightUnit":"INTRINSIC_%","pbdlType":"text_style"}},{"UUID":"810:1034","layoutMainAxisSizing":null,"layoutCrossAxisSizing":null,"name":"Caption/Regular","isVisible":false,"boundaryRectangle":null,"style":null,"prototypeNodeUUID":null,"child":null,"constraints":null,"description":"","pbdlType":"global_text_style","textStyle":{"UUID":"","layoutMainAxisSizing":null,"layoutCrossAxisSizing":null,"name":"","isVisible":false,"boundaryRectangle":null,"style":null,"prototypeNodeUUID":"","child":null,"constraints":null,"fontFamily":"Poppins","fontPostScriptName":"Poppins-Regular","paragraphSpacing":0,"paragraphIndent":0,"listSpacing":0,"italics":null,"fontWeight":400,"fontSize":11.0,"textCase":"ORIGINAL","textDecoration":"NONE","textAutoResize":"WIDTH_AND_HEIGHT","textAlignHorizontal":"LEFT","textAlignVertical":"TOP","letterSpacing":0.0,"fills":null,"hyperLink":null,"opentypeFlags":{},"lineHeightPx":12.890625,"lineHeightPercent":100.0,"lineHeightPercentFontSize":null,"lineHeightUnit":"INTRINSIC_%","pbdlType":"text_style"}},{"UUID":"810:1027","layoutMainAxisSizing":null,"layoutCrossAxisSizing":null,"name":"H600/SemiBold","isVisible":false,"boundaryRectangle":null,"style":null,"prototypeNodeUUID":null,"child":null,"constraints":null,"description":"","pbdlType":"global_text_style","textStyle":{"UUID":"","layoutMainAxisSizing":null,"layoutCrossAxisSizing":null,"name":"","isVisible":false,"boundaryRectangle":null,"style":null,"prototypeNodeUUID":"","child":null,"constraints":null,"fontFamily":"Poppins","fontPostScriptName":"Poppins-SemiBold","paragraphSpacing":0,"paragraphIndent":0,"listSpacing":0,"italics":null,"fontWeight":600,"fontSize":20.0,"textCase":"ORIGINAL","textDecoration":"NONE","textAutoResize":"WIDTH_AND_HEIGHT","textAlignHorizontal":"LEFT","textAlignVertical":"TOP","letterSpacing":0.0,"fills":null,"hyperLink":null,"opentypeFlags":{},"lineHeightPx":23.4375,"lineHeightPercent":100.0,"lineHeightPercentFontSize":null,"lineHeightUnit":"INTRINSIC_%","pbdlType":"text_style"}},{"UUID":"810:1189","layoutMainAxisSizing":null,"layoutCrossAxisSizing":null,"name":"buttone 16px S","isVisible":false,"boundaryRectangle":null,"style":null,"prototypeNodeUUID":null,"child":null,"constraints":null,"description":"","pbdlType":"global_text_style","textStyle":{"UUID":"","layoutMainAxisSizing":null,"layoutCrossAxisSizing":null,"name":"","isVisible":false,"boundaryRectangle":null,"style":null,"prototypeNodeUUID":"","child":null,"constraints":null,"fontFamily":"Gilroy","fontPostScriptName":"Gilroy-Semibold","paragraphSpacing":0,"paragraphIndent":0,"listSpacing":0,"italics":null,"fontWeight":600,"fontSize":18.0,"textCase":"ORIGINAL","textDecoration":"NONE","textAutoResize":"WIDTH_AND_HEIGHT","textAlignHorizontal":"LEFT","textAlignVertical":"TOP","letterSpacing":0.0,"fills":null,"hyperLink":null,"opentypeFlags":{},"lineHeightPx":18.0,"lineHeightPercent":81.63265228271484,"lineHeightPercentFontSize":100.0,"lineHeightUnit":"PIXELS","pbdlType":"text_style"}}],"themeColors":[],"themeTextStyles":[]},"pbdlType":"project","azure_container_uri":"https://pbnestcore.blob.core.windows.net/uxmg6g1un2yggfylgtneb7"}